"","Kernel_ID","AF","Spec_ID","Plate","Kernel","Class"
"1","A1-1",9906.239401,"Af1_000001.dat","A1",1,1
"2","A1-10",2.811449304,"Af1_000010.dat","A1",10,0
"3","A1-11",1.551475714,"Af1_000011.dat","A1",11,0
"4","A1-12",3.292371914,"Af1_000012.dat","A1",12,0
"5","A1-13",1.126053884,"Af1_000013.dat","A1",13,0
"6","A1-14",1.847652102,"Af1_000014.dat","A1",14,0
"7","A1-15",4703.486162,"Af1_000015.dat","A1",15,1
"8","A1-16",4143.998237,"Af1_000016.dat","A1",16,1
"9","A1-17",23068.85872,"Af1_000017.dat","A1",17,1
"10","A1-18",18213.15409,"Af1_000018.dat","A1",18,1
"11","A1-19",13356.43541,"Af1_000019.dat","A1",19,1
"12","A1-2",1.15841353,"Af1_000002.dat","A1",2,0
"13","A1-20",10668.88301,"Af1_000020.dat","A1",20,1
"14","A1-21",35840.0505,"Af1_000021.dat","A1",21,1
"15","A1-22",4.491123021,"Af1_000022.dat","A1",22,0
"16","A1-23",17341.43625,"Af1_000023.dat","A1",23,1
"17","A1-24",13428.31595,"Af1_000024.dat","A1",24,1
"18","A1-25",47023.32647,"Af1_000025.dat","A1",25,1
"19","A1-26",24013.95602,"Af1_000026.dat","A1",26,1
"20","A1-27",25208.69929,"Af1_000027.dat","A1",27,1
"21","A1-28",9229.092227,"Af1_000028.dat","A1",28,1
"22","A1-29",11001.00775,"Af1_000029.dat","A1",29,1
"23","A1-3",6931.950387,"Af1_000003.dat","A1",3,1
"24","A1-30",18585.83948,"Af1_000030.dat","A1",30,1
"25","A1-31",24776.46856,"Af1_000031.dat","A1",31,1
"26","A1-32",28940.35079,"Af1_000032.dat","A1",32,1
"27","A1-33",8280.922859,"Af1_000033.dat","A1",33,1
"28","A1-34",17245.49336,"Af1_000034.dat","A1",34,1
"29","A1-35",25738.00537,"Af1_000035.dat","A1",35,1
"30","A1-36",33526.80911,"Af1_000036.dat","A1",36,1
"31","A1-37",18921.7294,"Af1_000037.dat","A1",37,1
"32","A1-38",88424.5046,"Af1_000038.dat","A1",38,1
"33","A1-39",14918.79598,"Af1_000039.dat","A1",39,1
"34","A1-4",6.440783202,"Af1_000004.dat","A1",4,0
"35","A1-40",65869.94105,"Af1_000040.dat","A1",40,1
"36","A1-41",21510.33274,"Af1_000041.dat","A1",41,1
"37","A1-42",41834.00643,"Af1_000042.dat","A1",42,1
"38","A1-43",71902.92372,"Af1_000043.dat","A1",43,1
"39","A1-44",39030.40813,"Af1_000044.dat","A1",44,1
"40","A1-45",29571.56773,"Af1_000045.dat","A1",45,1
"41","A1-46",13824.95671,"Af1_000046.dat","A1",46,1
"42","A1-47",16996.86694,"Af1_000047.dat","A1",47,1
"43","A1-48",23549.7778,"Af1_000048.dat","A1",48,1
"44","A1-5",0.502812695,"Af1_000005.dat","A1",5,0
"45","A1-6",1.368733047,"Af1_000006.dat","A1",6,0
"46","A1-7",1.368733047,"Af1_000007.dat","A1",7,0
"47","A1-8",0.337816217,"Af1_000008.dat","A1",8,0
"48","A1-9",1.982591214,"Af1_000009.dat","A1",9,0
"49","A2-1",56479.68097,"Af2_000001.dat","A2",1,1
"50","A2-10",22165.3879,"Af2_000010.dat","A2",10,1
"51","A2-11",20906.1746,"Af2_000011.dat","A2",11,1
"52","A2-12",25208.69929,"Af2_000012.dat","A2",12,1
"53","A2-13",42813.44428,"Af2_000013.dat","A2",13,1
"54","A2-14",44438.60155,"Af2_000014.dat","A2",14,1
"55","A2-15",54097.67099,"Af2_000015.dat","A2",15,1
"56","A2-16",66476.43836,"Af2_000016.dat","A2",16,1
"57","A2-17",39289.16863,"Af2_000017.dat","A2",17,1
"58","A2-18",55655.10745,"Af2_000018.dat","A2",18,1
"59","A2-19",26769.88908,"Af2_000019.dat","A2",19,1
"60","A2-2",42146.25718,"Af2_000002.dat","A2",2,1
"61","A2-20",82283.1763,"Af2_000020.dat","A2",20,1
"62","A2-21",48867.89019,"Af2_000021.dat","A2",21,1
"63","A2-22",35632.19895,"Af2_000022.dat","A2",22,1
"64","A2-23",72246.08361,"Af2_000023.dat","A2",23,1
"65","A2-24",23134.12143,"Af2_000024.dat","A2",24,1
"66","A2-25",18882.09139,"Af2_000025.dat","A2",25,1
"67","A2-26",3.365394001,"Af2_000026.dat","A2",26,0
"68","A2-27",13.53718855,"Af2_000027.dat","A2",27,0
"69","A2-28",3.298432964,"Af2_000028.dat","A2",28,0
"70","A2-29",3.350128429,"Af2_000029.dat","A2",29,0
"71","A2-3",41868.58249,"Af2_000003.dat","A2",3,1
"72","A2-30",2.851848348,"Af2_000030.dat","A2",30,0
"73","A2-31",7.206954389,"Af2_000031.dat","A2",31,0
"74","A2-32",6.644914447,"Af2_000032.dat","A2",32,0
"75","A2-33",4.478166857,"Af2_000033.dat","A2",33,0
"76","A2-34",4.436626053,"Af2_000034.dat","A2",34,0
"77","A2-35",5.329727308,"Af2_000035.dat","A2",35,0
"78","A2-36",4.480938715,"Af2_000036.dat","A2",36,0
"79","A2-37",4.442160892,"Af2_000037.dat","A2",37,0
"80","A2-38",4.345463547,"Af2_000038.dat","A2",38,0
"81","A2-39",5.426635009,"Af2_000039.dat","A2",39,0
"82","A2-4",110766.0296,"Af2_000004.dat","A2",4,1
"83","A2-40",7.458033654,"Af2_000040.dat","A2",40,0
"84","A2-41",3.481322604,"Af2_000041.dat","A2",41,0
"85","A2-42",3.925551554,"Af2_000042.dat","A2",42,0
"86","A2-43",5.236489163,"Af2_000043.dat","A2",43,0
"87","A2-44",3.318190942,"Af2_000044.dat","A2",44,0
"88","A2-45",4.070668388,"Af2_000045.dat","A2",45,0
"89","A2-46",3.268162397,"Af2_000046.dat","A2",46,0
"90","A2-47",20228.38976,"Af2_000047.dat","A2",47,1
"91","A2-48",5.329727308,"Af2_000048.dat","A2",48,0
"92","A2-5",6.372628437,"Af2_000005.dat","A2",5,0
"93","A2-6",6.935341705,"Af2_000006.dat","A2",6,0
"94","A2-7",10218.11631,"Af2_000007.dat","A2",7,1
"95","A2-8",4.395336452,"Af2_000008.dat","A2",8,0
"96","A2-9",3355.513952,"Af2_000009.dat","A2",9,1
"97","A3-1",3.796927025,"Af3_000001.dat","A3",1,0
"98","A3-10",3.602336111,"Af3_000010.dat","A3",10,0
"99","A3-11",7.35472155,"Af3_000011.dat","A3",11,0
"100","A3-12",4.946455103,"Af3_000012.dat","A3",12,0
"101","A3-13",5.746704263,"Af3_000013.dat","A3",13,0
"102","A3-14",4.608807886,"Af3_000014.dat","A3",14,0
"103","A3-15",4.989154226,"Af3_000015.dat","A3",15,0
"104","A3-16",5.000561431,"Af3_000016.dat","A3",16,0
"105","A3-17",3.599590382,"Af3_000017.dat","A3",17,0
"106","A3-18",4.240822815,"Af3_000018.dat","A3",18,0
"107","A3-19",3.125569483,"Af3_000019.dat","A3",19,0
"108","A3-2",2.701476023,"Af3_000002.dat","A3",2,0
"109","A3-20",3.387459456,"Af3_000020.dat","A3",20,0
"110","A3-21",4.183122104,"Af3_000021.dat","A3",21,0
"111","A3-22",4.564247629,"Af3_000022.dat","A3",22,0
"112","A3-23",4.771187515,"Af3_000023.dat","A3",23,0
"113","A3-24",5.695211513,"Af3_000024.dat","A3",24,0
"114","A3-25",4.098075653,"Af3_000025.dat","A3",25,0
"115","A3-26",41.21048793,"Af3_000026.dat","A3",26,1
"116","A3-27",6742.898435,"Af3_000027.dat","A3",27,1
"117","A3-28",24618.3456,"Af3_000028.dat","A3",28,1
"118","A3-29",5352.142526,"Af3_000029.dat","A3",29,1
"119","A3-3",2.898632857,"Af3_000003.dat","A3",3,0
"120","A3-30",10595.97752,"Af3_000030.dat","A3",30,1
"121","A3-31",9537.167609,"Af3_000031.dat","A3",31,1
"122","A3-32",1106.341744,"Af3_000032.dat","A3",32,1
"123","A3-33",4356.259824,"Af3_000033.dat","A3",33,1
"124","A3-34",1658.79903,"Af3_000034.dat","A3",34,1
"125","A3-35",25071.72099,"Af3_000035.dat","A3",35,1
"126","A3-36",960.4648789,"Af3_000036.dat","A3",36,1
"127","A3-37",3649.617397,"Af3_000037.dat","A3",37,1
"128","A3-38",9906.239401,"Af3_000038.dat","A3",38,1
"129","A3-39",1352.168168,"Af3_000039.dat","A3",39,1
"130","A3-4",21.10164017,"Af3_000004.dat","A3",4,1
"131","A3-40",2846.186167,"Af3_000040.dat","A3",40,1
"132","A3-41",1552.831975,"Af3_000041.dat","A3",41,1
"133","A3-42",1070.942321,"Af3_000042.dat","A3",42,1
"134","A3-43",2963.91693,"Af3_000043.dat","A3",43,1
"135","A3-44",928.4368006,"Af3_000044.dat","A3",44,1
"136","A3-45",5713.948602,"Af3_000045.dat","A3",45,1
"137","A3-46",4947.512288,"Af3_000046.dat","A3",46,1
"138","A3-47",4173.933473,"Af3_000047.dat","A3",47,1
"139","A3-48",3144.329073,"Af3_000048.dat","A3",48,1
"140","A3-5",3.456510624,"Af3_000005.dat","A3",5,0
"141","A3-6",8.438639224,"Af3_000006.dat","A3",6,0
"142","A3-7",5.014832966,"Af3_000007.dat","A3",7,0
"143","A3-8",3.500605471,"Af3_000008.dat","A3",8,0
"144","A3-9",4.726251813,"Af3_000009.dat","A3",9,0
"145","A4-1",3.334837145,"Af4_000001.dat","A4",1,0
"146","A4-10",2.535176501,"Af4_000010.dat","A4",10,0
"147","A4-11",2.895765252,"Af4_000011.dat","A4",11,0
"148","A4-12",3.273728076,"Af4_000012.dat","A4",12,0
"149","A4-13",6.488215314,"Af4_000013.dat","A4",13,0
"150","A4-14",4.062448359,"Af4_000014.dat","A4",14,0
"151","A4-15",5.677098062,"Af4_000015.dat","A4",15,0
"152","A4-16",5.201702023,"Af4_000016.dat","A4",16,0
"153","A4-17",3.46891947,"Af4_000017.dat","A4",17,0
"154","A4-18",3.46891947,"Af4_000018.dat","A4",18,0
"155","A4-19",3.46891947,"Af4_000019.dat","A4",19,0
"156","A4-2",2.698540607,"Af4_000002.dat","A4",2,0
"157","A4-20",0.473169112,"Af4_000020.dat","A4",20,0
"158","A4-21",1.097499311,"Af4_000021.dat","A4",21,0
"159","A4-22",3.46891947,"Af4_000022.dat","A4",22,0
"160","A4-23",0.327587128,"Af4_000023.dat","A4",23,0
"161","A4-24",0.913144537,"Af4_000024.dat","A4",24,0
"162","A4-25",37357.02913,"Af4_000025.dat","A4",25,1
"163","A4-26",0.138113909,"Af4_000026.dat","A4",26,0
"164","A4-27",17979.21538,"Af4_000027.dat","A4",27,1
"165","A4-28",6957.567933,"Af4_000028.dat","A4",28,1
"166","A4-29",25.04637873,"Af4_000029.dat","A4",29,1
"167","A4-3",4.723447057,"Af4_000003.dat","A4",3,0
"168","A4-30",18018.1289,"Af4_000030.dat","A4",30,1
"169","A4-31",23264.9455,"Af4_000031.dat","A4",31,1
"170","A4-32",15029.22841,"Af4_000032.dat","A4",32,1
"171","A4-33",20106.22943,"Af4_000033.dat","A4",33,1
"172","A4-34",6541.911069,"Af4_000034.dat","A4",34,1
"173","A4-35",2684.122687,"Af4_000035.dat","A4",35,1
"174","A4-36",9017.077349,"Af4_000036.dat","A4",36,1
"175","A4-37",1.55462963,"Af4_000037.dat","A4",37,0
"176","A4-38",38998.17994,"Af4_000038.dat","A4",38,1
"177","A4-39",15565.87758,"Af4_000039.dat","A4",39,1
"178","A4-4",5.195913282,"Af4_000004.dat","A4",4,0
"179","A4-40",2.74395063,"Af4_000040.dat","A4",40,0
"180","A4-41",0.86709439,"Af4_000041.dat","A4",41,0
"181","A4-42",1.612268167,"Af4_000042.dat","A4",42,0
"182","A4-43",1.198712185,"Af4_000043.dat","A4",43,0
"183","A4-44",1.915962816,"Af4_000044.dat","A4",44,0
"184","A4-45",0.271051129,"Af4_000045.dat","A4",45,0
"185","A4-46",0.161619697,"Af4_000046.dat","A4",46,0
"186","A4-47",3757.720619,"Af4_000047.dat","A4",47,1
"187","A4-48",825.1547956,"Af4_000048.dat","A4",48,1
"188","A4-5",41.63635085,"Af4_000005.dat","A4",5,1
"189","A4-6",2.373587693,"Af4_000006.dat","A4",6,0
"190","A4-7",2.030232455,"Af4_000007.dat","A4",7,0
"191","A4-8",2.875667732,"Af4_000008.dat","A4",8,0
"192","A4-9",3.060782528,"Af4_000009.dat","A4",9,0
"193","C1-1",0.03322188,"Ctrl1_000001.dat","C1",1,0
"194","C1-10",0.051207201,"Ctrl1_000010.dat","C1",10,0
"195","C1-11",0.051207201,"Ctrl1_000011.dat","C1",11,0
"196","C1-12",0.051207201,"Ctrl1_000012.dat","C1",12,0
"197","C1-13",0.051207201,"Ctrl1_000013.dat","C1",13,0
"198","C1-14",0.051207201,"Ctrl1_000014.dat","C1",14,0
"199","C1-15",0.051207201,"Ctrl1_000015.dat","C1",15,0
"200","C1-16",0.051207201,"Ctrl1_000016.dat","C1",16,0
"201","C1-17",0.053096547,"Ctrl1_000017.dat","C1",17,0
"202","C1-18",0.053096547,"Ctrl1_000018.dat","C1",18,0
"203","C1-19",0.053096547,"Ctrl1_000019.dat","C1",19,0
"204","C1-2",0.03322188,"Ctrl1_000002.dat","C1",2,0
"205","C1-20",0.053096547,"Ctrl1_000020.dat","C1",20,0
"206","C1-21",0.053096547,"Ctrl1_000021.dat","C1",21,0
"207","C1-22",0.053096547,"Ctrl1_000022.dat","C1",22,0
"208","C1-23",0.053096547,"Ctrl1_000023.dat","C1",23,0
"209","C1-24",0.053096547,"Ctrl1_000024.dat","C1",24,0
"210","C1-25",0.072570414,"Ctrl1_000025.dat","C1",25,0
"211","C1-26",0.072570414,"Ctrl1_000026.dat","C1",26,0
"212","C1-27",0.072570414,"Ctrl1_000027.dat","C1",27,0
"213","C1-28",0.072570414,"Ctrl1_000028.dat","C1",28,0
"214","C1-29",0.072570414,"Ctrl1_000029.dat","C1",29,0
"215","C1-3",0.03322188,"Ctrl1_000003.dat","C1",3,0
"216","C1-30",0.072570414,"Ctrl1_000030.dat","C1",30,0
"217","C1-31",0.072570414,"Ctrl1_000031.dat","C1",31,0
"218","C1-32",0.072570414,"Ctrl1_000032.dat","C1",32,0
"219","C1-33",0.036655853,"Ctrl1_000033.dat","C1",33,0
"220","C1-34",0.036655853,"Ctrl1_000034.dat","C1",34,0
"221","C1-35",0.036655853,"Ctrl1_000035.dat","C1",35,0
"222","C1-36",0.036655853,"Ctrl1_000036.dat","C1",36,0
"223","C1-37",0.036655853,"Ctrl1_000037.dat","C1",37,0
"224","C1-38",0.036655853,"Ctrl1_000038.dat","C1",38,0
"225","C1-39",0.036655853,"Ctrl1_000039.dat","C1",39,0
"226","C1-4",0.03322188,"Ctrl1_000004.dat","C1",4,0
"227","C1-40",0.036655853,"Ctrl1_000040.dat","C1",40,0
"228","C1-41",0.052719375,"Ctrl1_000041.dat","C1",41,0
"229","C1-42",0.052719375,"Ctrl1_000042.dat","C1",42,0
"230","C1-43",0.052719375,"Ctrl1_000043.dat","C1",43,0
"231","C1-44",0.052719375,"Ctrl1_000044.dat","C1",44,0
"232","C1-45",0.052719375,"Ctrl1_000045.dat","C1",45,0
"233","C1-46",0.052719375,"Ctrl1_000046.dat","C1",46,0
"234","C1-47",0.052719375,"Ctrl1_000047.dat","C1",47,0
"235","C1-48",0.052719375,"Ctrl1_000048.dat","C1",48,0
"236","C1-5",0.03322188,"Ctrl1_000005.dat","C1",5,0
"237","C1-6",0.03322188,"Ctrl1_000006.dat","C1",6,0
"238","C1-7",0.03322188,"Ctrl1_000007.dat","C1",7,0
"239","C1-8",0.03322188,"Ctrl1_000008.dat","C1",8,0
"240","C1-9",0.051207201,"Ctrl1_000009.dat","C1",9,0
"241","C2-1",0.034846259,"Ctrl2_000001.dat","C2",1,0
"242","C2-10",0.04759095,"Ctrl2_000010.dat","C2",10,0
"243","C2-11",0.04759095,"Ctrl2_000011.dat","C2",11,0
"244","C2-12",0.04759095,"Ctrl2_000012.dat","C2",12,0
"245","C2-13",0.04759095,"Ctrl2_000013.dat","C2",13,0
"246","C2-14",0.04759095,"Ctrl2_000014.dat","C2",14,0
"247","C2-15",0.04759095,"Ctrl2_000015.dat","C2",15,0
"248","C2-16",0.04759095,"Ctrl2_000016.dat","C2",16,0
"249","C2-17",0.013635855,"Ctrl2_000017.dat","C2",17,0
"250","C2-18",0.013635855,"Ctrl2_000018.dat","C2",18,0
"251","C2-19",0.013635855,"Ctrl2_000019.dat","C2",19,0
"252","C2-2",0.034846259,"Ctrl2_000002.dat","C2",2,0
"253","C2-20",0.013635855,"Ctrl2_000020.dat","C2",20,0
"254","C2-21",0.013635855,"Ctrl2_000021.dat","C2",21,0
"255","C2-22",0.013635855,"Ctrl2_000022.dat","C2",22,0
"256","C2-23",0.013635855,"Ctrl2_000023.dat","C2",23,0
"257","C2-24",0.013635855,"Ctrl2_000024.dat","C2",24,0
"258","C2-25",0.099714602,"Ctrl2_000025.dat","C2",25,0
"259","C2-26",0.099714602,"Ctrl2_000026.dat","C2",26,0
"260","C2-27",0.099714602,"Ctrl2_000027.dat","C2",27,0
"261","C2-28",0.099714602,"Ctrl2_000028.dat","C2",28,0
"262","C2-29",0.099714602,"Ctrl2_000029.dat","C2",29,0
"263","C2-3",0.034846259,"Ctrl2_000003.dat","C2",3,0
"264","C2-30",0.099714602,"Ctrl2_000030.dat","C2",30,0
"265","C2-31",0.099714602,"Ctrl2_000031.dat","C2",31,0
"266","C2-32",0.099714602,"Ctrl2_000032.dat","C2",32,0
"267","C2-33",0.075504827,"Ctrl2_000033.dat","C2",33,0
"268","C2-34",0.075504827,"Ctrl2_000034.dat","C2",34,0
"269","C2-35",0.075504827,"Ctrl2_000035.dat","C2",35,0
"270","C2-36",0.075504827,"Ctrl2_000036.dat","C2",36,0
"271","C2-37",0.075504827,"Ctrl2_000037.dat","C2",37,0
"272","C2-38",0.075504827,"Ctrl2_000038.dat","C2",38,0
"273","C2-39",0.075504827,"Ctrl2_000039.dat","C2",39,0
"274","C2-4",0.034846259,"Ctrl2_000004.dat","C2",4,0
"275","C2-40",0.075504827,"Ctrl2_000040.dat","C2",40,0
"276","C2-41",0.017023659,"Ctrl2_000041.dat","C2",41,0
"277","C2-42",0.017023659,"Ctrl2_000042.dat","C2",42,0
"278","C2-43",0.017023659,"Ctrl2_000043.dat","C2",43,0
"279","C2-44",0.017023659,"Ctrl2_000044.dat","C2",44,0
"280","C2-45",0.017023659,"Ctrl2_000045.dat","C2",45,0
"281","C2-46",0.017023659,"Ctrl2_000046.dat","C2",46,0
"282","C2-47",0.017023659,"Ctrl2_000047.dat","C2",47,0
"283","C2-48",0.017023659,"Ctrl2_000048.dat","C2",48,0
"284","C2-5",0.034846259,"Ctrl2_000005.dat","C2",5,0
"285","C2-6",0.034846259,"Ctrl2_000006.dat","C2",6,0
"286","C2-7",0.034846259,"Ctrl2_000007.dat","C2",7,0
"287","C2-8",0.034846259,"Ctrl2_000008.dat","C2",8,0
"288","C2-9",0.04759095,"Ctrl2_000009.dat","C2",9,0
"289","C3-1",0.017322376,"Ctrl3_000001.dat","C3",1,0
"290","C3-10",0.040225619,"Ctrl3_000010.dat","C3",10,0
"291","C3-11",0.040225619,"Ctrl3_000011.dat","C3",11,0
"292","C3-12",0.040225619,"Ctrl3_000012.dat","C3",12,0
"293","C3-13",0.040225619,"Ctrl3_000013.dat","C3",13,0
"294","C3-14",0.040225619,"Ctrl3_000014.dat","C3",14,0
"295","C3-15",0.040225619,"Ctrl3_000015.dat","C3",15,0
"296","C3-16",0.040225619,"Ctrl3_000016.dat","C3",16,0
"297","C3-17",0.017023659,"Ctrl3_000017.dat","C3",17,0
"298","C3-18",0.017023659,"Ctrl3_000018.dat","C3",18,0
"299","C3-19",0.017023659,"Ctrl3_000019.dat","C3",19,0
"300","C3-2",0.017322376,"Ctrl3_000002.dat","C3",2,0
"301","C3-20",0.017023659,"Ctrl3_000020.dat","C3",20,0
"302","C3-21",0.017023659,"Ctrl3_000021.dat","C3",21,0
"303","C3-22",0.017023659,"Ctrl3_000022.dat","C3",22,0
"304","C3-23",0.017023659,"Ctrl3_000023.dat","C3",23,0
"305","C3-24",0.017023659,"Ctrl3_000024.dat","C3",24,0
"306","C3-25",0.017023659,"Ctrl3_000025.dat","C3",25,0
"307","C3-26",0.017023659,"Ctrl3_000026.dat","C3",26,0
"308","C3-27",0.017023659,"Ctrl3_000027.dat","C3",27,0
"309","C3-28",0.017023659,"Ctrl3_000028.dat","C3",28,0
"310","C3-29",0.017023659,"Ctrl3_000029.dat","C3",29,0
"311","C3-3",0.017322376,"Ctrl3_000003.dat","C3",3,0
"312","C3-30",0.017023659,"Ctrl3_000030.dat","C3",30,0
"313","C3-31",0.017023659,"Ctrl3_000031.dat","C3",31,0
"314","C3-32",0.017023659,"Ctrl3_000032.dat","C3",32,0
"315","C3-33",0.073487867,"Ctrl3_000033.dat","C3",33,0
"316","C3-34",0.073487867,"Ctrl3_000034.dat","C3",34,0
"317","C3-35",0.073487867,"Ctrl3_000035.dat","C3",35,0
"318","C3-36",0.073487867,"Ctrl3_000036.dat","C3",36,0
"319","C3-37",0.073487867,"Ctrl3_000037.dat","C3",37,0
"320","C3-38",0.073487867,"Ctrl3_000038.dat","C3",38,0
"321","C3-39",0.073487867,"Ctrl3_000039.dat","C3",39,0
"322","C3-4",0.017322376,"Ctrl3_000004.dat","C3",4,0
"323","C3-40",0.073487867,"Ctrl3_000040.dat","C3",40,0
"324","C3-41",0.105629183,"Ctrl3_000041.dat","C3",41,0
"325","C3-42",0.105629183,"Ctrl3_000042.dat","C3",42,0
"326","C3-43",0.105629183,"Ctrl3_000043.dat","C3",43,0
"327","C3-44",0.105629183,"Ctrl3_000044.dat","C3",44,0
"328","C3-45",0.105629183,"Ctrl3_000045.dat","C3",45,0
"329","C3-46",0.105629183,"Ctrl3_000046.dat","C3",46,0
"330","C3-47",0.105629183,"Ctrl3_000047.dat","C3",47,0
"331","C3-48",0.105629183,"Ctrl3_000048.dat","C3",48,0
"332","C3-5",0.017322376,"Ctrl3_000005.dat","C3",5,0
"333","C3-6",0.017322376,"Ctrl3_000006.dat","C3",6,0
"334","C3-7",0.017322376,"Ctrl3_000007.dat","C3",7,0
"335","C3-8",0.017322376,"Ctrl3_000008.dat","C3",8,0
"336","C3-9",0.040225619,"Ctrl3_000009.dat","C3",9,0
"337","C4-1",0.054601963,"Ctrl4_000001.dat","C4",1,0
"338","C4-10",0.014642902,"Ctrl4_000010.dat","C4",10,0
"339","C4-11",0.014642902,"Ctrl4_000011.dat","C4",11,0
"340","C4-12",0.014642902,"Ctrl4_000012.dat","C4",12,0
"341","C4-13",0.014642902,"Ctrl4_000013.dat","C4",13,0
"342","C4-14",0.014642902,"Ctrl4_000014.dat","C4",14,0
"343","C4-15",0.014642902,"Ctrl4_000015.dat","C4",15,0
"344","C4-16",0.014642902,"Ctrl4_000016.dat","C4",16,0
"345","C4-17",0.022610243,"Ctrl4_000017.dat","C4",17,0
"346","C4-18",0.022610243,"Ctrl4_000018.dat","C4",18,0
"347","C4-19",0.022610243,"Ctrl4_000019.dat","C4",19,0
"348","C4-2",0.054601963,"Ctrl4_000002.dat","C4",2,0
"349","C4-20",0.022610243,"Ctrl4_000020.dat","C4",20,0
"350","C4-21",0.022610243,"Ctrl4_000021.dat","C4",21,0
"351","C4-22",0.022610243,"Ctrl4_000022.dat","C4",22,0
"352","C4-23",0.022610243,"Ctrl4_000023.dat","C4",23,0
"353","C4-24",0.022610243,"Ctrl4_000024.dat","C4",24,0
"354","C4-25",0.018269098,"Ctrl4_000025.dat","C4",25,0
"355","C4-26",0.018269098,"Ctrl4_000026.dat","C4",26,0
"356","C4-27",0.018269098,"Ctrl4_000027.dat","C4",27,0
"357","C4-28",0.018269098,"Ctrl4_000028.dat","C4",28,0
"358","C4-29",0.018269098,"Ctrl4_000029.dat","C4",29,0
"359","C4-3",0.054601963,"Ctrl4_000003.dat","C4",3,0
"360","C4-30",0.018269098,"Ctrl4_000030.dat","C4",30,0
"361","C4-31",0.018269098,"Ctrl4_000031.dat","C4",31,0
"362","C4-32",0.018269098,"Ctrl4_000032.dat","C4",32,0
"363","C4-33",0.017023659,"Ctrl4_000033.dat","C4",33,0
"364","C4-34",0.017023659,"Ctrl4_000034.dat","C4",34,0
"365","C4-35",0.017023659,"Ctrl4_000035.dat","C4",35,0
"366","C4-36",0.017023659,"Ctrl4_000036.dat","C4",36,0
"367","C4-37",0.017023659,"Ctrl4_000037.dat","C4",37,0
"368","C4-38",0.017023659,"Ctrl4_000038.dat","C4",38,0
"369","C4-39",0.017023659,"Ctrl4_000039.dat","C4",39,0
"370","C4-4",0.054601963,"Ctrl4_000004.dat","C4",4,0
"371","C4-40",0.017023659,"Ctrl4_000040.dat","C4",40,0
"372","C4-41",0.007915962,"Ctrl4_000041.dat","C4",41,0
"373","C4-42",0.007915962,"Ctrl4_000042.dat","C4",42,0
"374","C4-43",0.007915962,"Ctrl4_000043.dat","C4",43,0
"375","C4-44",0.007915962,"Ctrl4_000044.dat","C4",44,0
"376","C4-45",0.007915962,"Ctrl4_000045.dat","C4",45,0
"377","C4-46",0.007915962,"Ctrl4_000046.dat","C4",46,0
"378","C4-47",0.007915962,"Ctrl4_000047.dat","C4",47,0
"379","C4-48",0.007915962,"Ctrl4_000048.dat","C4",48,0
"380","C4-5",0.054601963,"Ctrl4_000005.dat","C4",5,0
"381","C4-6",0.054601963,"Ctrl4_000006.dat","C4",6,0
"382","C4-7",0.054601963,"Ctrl4_000007.dat","C4",7,0
"383","C4-8",0.054601963,"Ctrl4_000008.dat","C4",8,0
"384","C4-9",0.014642902,"Ctrl4_000009.dat","C4",9,0
